id,dimensions,categories,sub_category,indicators,notes,spatialscale,temporalscale
1,Economic,Economic Efficiency,total time spent in traffic,"Vehicle hours traveled per capita, the average duration each person living in the region drives each day (aggregate based on origin): Census tract OD matrix + road network.",A transportation plan with less vehicle hours traveled per person is regarded as more the efficient and economically productive plan. ,"Global,Regions","10,10.5"
2,Economic,Economic Efficiency,Connectivity ,Detour Index of 500 meters Euclidean Distance trip in the  road network,,"Global,Census Tracts",9
3,Economic,Resource Usage,Fuel/ Energy Consumption,"KWh energy consumption 1) EnergyLocal: WHERE: based on roads in each Census for each road segment e - number of cars, dist, speed, EF coeff to convert to KWh, EF x dist(e,tract) x n_e; 2) WHERE + HOW MANY: ind1 x Pop in Census; 3) EnergyOrigin: ORIGIN of fuel consumption; how much fuel is used by ppl living in this Census",,"Global,Census Tracts",
4,Environmental,Nature and biodiversity,Green areas,"Proportion of green spaces housing (Charlot-Valdieu and Outrequin, 2005)(= S green spaces m2 / Population  = m2/person) ",Provide neighbourhoods with greenery and vegetation corridors    Equitions in bold red color are defined by Mengmeng Liu,"Global,Census Tracts",
5,Environmental,Energy,Urban heat island,"Proportion of green space and water surfaces in the area to reduce the rise in surface temperature. Based on CASBEE UD (IBEC, 2007)   (= Green & water area m2 / public space m2 ): Replace public space by total area of zone",Mitigate ?heat island? effect in cities,"Global,Census Tracts",
6,Environmental,Pollution,Air Pollutions,Greenhouse emissions:  Average annual CO2 equivalent emissions per capita (unit: kg/capita/yr or unit: metric tons/capita/yr  ),(Annual total VKT ? CO2 emission per km)/(Total number of people);,"Global,Census Tracts",
7,Environmental,Pollution,Air Pollutions,"NO2 Emissions:  1) NO2PP: Annual Nitrogen oxides emissions per captia (unit: metric tons/year/person) (NEG.) = EnergyLoc_z x NO2Coeff / n_z pop in zone 2)NO2PROP: Proportion of population exposed to pollution of NO2 above 50 ?g/m3 average annual hourly. Charlot-Valdieu and Outrequin (2005)   (=No. inhab. Exposed/No. inhab. Total ): NO2Exp_z=1 if NO2PP_z > 50,  NO2PROP = Sum_z NO2Exp_z x n_z / Sum_z n_z ","The air pollution can effect areas upto 1.5 miles away. According to the study in http://www.latimes.com/projects/la-me-freeway-pollution/  , the air pollution can be reduced to average level after 1800 feet (600 meters) away from the freeway. Therefore, we can estimate the proportion of people who live within 600 meters buffer of interstates. ","Global,Census Tracts",
8,Environmental,Pollution,Air Pollutions,Annual Particulate matter (PM10) emissions per capita (unit: metric tons/year/person) (NEG.),,"Global,Census Tracts",
9,Environmental,Pollution,Air Pollutions,Annual Sulfur dioxide emissions per capita (unit: metric tons/year/person) (NEG.),,"Global,Census Tracts",
10,Environmental,Pollution,Air Pollutions,VOC Emission   (=daily emission of volatile organic compounds (VOC)),,"Global,Census Tracts",
11,Environmental,Pollution,Air Pollutions,CO emission  (=daily emission of CO),,"Global,Census Tracts",
12,Environmental,Pollution,Air Pollutions,NOx emission   (=daily emission of oxides of nitrogen (NOx)),,"Global,Census Tracts",
13,Environmental,Pollution,Air Pollutions,Ozone Emissions,minimize greenhouse effect,"Global,Census Tracts",
14,Environmental,Pollution,Noise pollution generated,Proportion of population exposed to noise ratio � 65 dB (A). Charlot-Valdieu and Outrequin (2005)   (=No. inhab. exposed / No. inhab. total)   or (Number of people living along the main arterials? buffer of 55 dB); unit: Residents Num ppl living within X meters of highways,"The data is difficult to estimate, but we can estimate as the proportion of people who live within 200 meters buffer of highways (ml). Levels of highway traffic noise typically range from 70 to 80 dB(A) at a distance of 15 meters (50 feet) from the highway.","Global,Census Tracts",
15,Environmental,Land Use,green space ratio, (= green space area m2 / total area of study area m2 ). Moving interstates undegraound results in green spac,Green spaces as % of total area (%) (POS.)  ,"Global,Census Tracts",
16,Environmental,Land Use,Land Consumption,Land Released by Moving interstates underground  (km2),"amount of land consumed by transportation infrastructure systems, such as right-of-way and parking lots","Global,Census Tracts",
17,Social,Equity,equity of exposure to emissions,"Spatial Equity Indexes (1. order spatial cells (TAZs, census tract, grid et al ) from highest to lowest emission densities (= total emissions/land area); 2. plot the cumulative percentage of pollutants, with axis x is the cumulative % of total land, axis y is cumlative % of pollutants )   ",Equity of emissions distribution elated to geography and income levels. The goal of this indicator is to assess the spatial distribution of pollution concentrations relative to the home locations of various demographic or income groups for exposure to toxic air contaminants.,"Global,Census Tracts",
18,Social,Equity,equity of exposure to emissions,"Income Equity Index (= 100 - sum(Xi-Yi)).   Xi is percentage of low, low medium, high medium, and high income housholds; Yi is percentage of emission concentraition for each income classes.(can be obtained by concetration density in area j*population in income i area j, then sum all the data in all area)","income equity index quantifies the difference of share between different income levels and the emissions concentration for each income level.  The paper used 4 income levels:  low income (less than $20k ), low medium income ($20k-$50k), high medium income ($50k - $100k), and high income (more than $100k).  The higher the index is, the greater the gap between income and emission distribution","Global,Census Tracts,Traffic Analysis Zones",
19,Social,Equity,equity of exposure to noise,Spatial distribution of people who live within 500 meters buffer of freeway.,"Check its relationship with income distribution, if higher corelationship indicate more in-equity.  Assume no one expose to noise caused by freeway after moving interstates underground.","Global,Census Tracts",
20,Social,Public Health,exposure to emissions,Human Impact Indexes (HII) of VOC and Nox.       HII of area x = sum(population density * daily average emissions density)    or  HII of area x = sum(employment density * daily average emissions density),"exposure to emissions are used to compare the coincidence or proximity of people to air pollutants? Higher Human Impact Indexes indicate that high population density and high pollution density are more likely to occur in the same proximity.  HII calculated by the equation will significantly underestimate local population exposures to pollutants, especially for the area within 500 meters of a freeway.","Global,Census Tracts",
21,Social,Accessibility,access to acitivity centers,"1. attraction-accessibility of travel origin: Ai = sumj(wj*f(cij)).  Ai  ; wj is the attractiveness of destination j, f(cij) is a function of travel cost between location i and location j.     2. location benefits accessibility: Ai = sumj((alpha/beta)*Ln(ai) - cij).   ai is the attactiveness of destination j, cij is the required travel cost.  (j in choice set available to person i or location i)",attraction-accessibility was used in the paper          or we can simply use the total area of parks one can access within 800 meters to the boundary of parks.,"Global,Census Tracts",
22,Social,Accessibility,access to major services,,,"Global,Census Tracts",
23,Social,Accessibility,access to open space,,,"Global,Census Tracts",
24,Social,Improve Quality of Life,Health,Accessibility to health provider,being in good health. Having access to adequate health care,"Global,Census Tracts",
25,Social,Improve Quality of Life,Education,"Accessibility to education resources (including, elementary, middle, high school, institute, college and university)",Having the opportunity to get a good education and to develop one's general knowledge,"Global,Census Tracts",
